CustomerID,TotalRevenue
14911,84980.89
13089,36347.88
14096,36019.84
17841,32200.74
14298,24387.53
12748,20441.1
14156,18276.11
13081,17925.53
15311,17712.96
14088,15700.62
15159,14334.960000000001
17675,14162.95
15039,13964.12
12921,13030.37
17511,12117.42
17735,12077.380000000001
14646,11901.92
15498,11199.47
14051,10378.01
13098,9869.38
12681,9584.4
14194,9440.61
15856,9401.32
13408,9337.800000000001
13319,9305.39
15078,9220.62
17340,8982.7
12471,8703.38
12682,8429.54
14769,8259.55
15513,8215.22
14606,8207.41
14895,8175.24
15615,8027.4800000000005
15640,7973.33
12540,7967.64
12433,7947.37
17581,7926.01
17139,7840.87
17107,7826.28
12621,7699.9800000000005
16779,7656.4800000000005
13767,7636.66
15358,7616.46
13458,7396.57
13078,7392.89
14367,7225.1900000000005
12731,7116.69
16843,7099.72
14796,7081.17
12477,7057.34
16033,6909.12
13985,6863.2300000000005
17706,6826.93
13263,6695.64
15061,6687.17
12567,6673.58
14849,6635.39
16705,6634.37
13488,6585.43
13018,6530.12
13969,6473.63
16558,6452.22
17865,6388.72
16729,6348.52
15249,6298.46
14031,6164.41
12474,6115.2
17509,6083.64
14961,6021.2300000000005
15144,5997.62
14667,5931.84
12451,5878.31
14056,5869.21
16133,5853.43
17338,5788.77
17243,5730.54
12766,5713.12
17428,5667.59
15005,5607.36
17811,5594.68
18223,5481.32
14936,5469.07
15044,5448.25
16187,5428.56
18055,5424.71
12971,5357.93
18102,5344.04
12583,5267.89
16923,5265.91
16746,5265.54
17017,5224.44
16873,5218.74
15601,5198.57
13534,5186.38
12705,5154.4
14415,5144.24
12683,5141.41
13004,5139.96
15382,5136.82
12839,5115.12
15189,5114.18
15194,5099.79
13871,5070.75
13001,5060.35
12637,5056.84
12472,5052.03
13102,4998.69
12626,4945.49
14505,4940.0
16814,4873.4800000000005
12428,4830.43
16609,4808.900000000001
16700,4800.46
13209,4798.16
12744,4774.93
16523,4755.91
16713,4707.88
13050,4703.98
13418,4699.71
13709,4698.650000000001
15805,4665.85
18118,4641.61
15719,4629.97
16161,4613.87
17416,4601.58
15150,4592.19
12709,4585.32
14049,4584.74
16126,4571.2300000000005
13178,4569.75
15023,4469.84
17850,4462.16
17716,4455.29
14159,4426.01
12720,4424.39
16745,4417.53
18226,4400.21
14733,4398.04
13269,4350.16
14709,4341.82
14527,4319.12
14952,4315.92
17049,4300.39
17757,4296.3
14944,4288.900000000001
17652,4274.92
14191,4273.1
13668,4272.65
18225,4244.35
17602,4240.08
17068,4232.74
12490,4227.11
17315,4194.61
16931,4190.9
14735,4182.42
15786,4164.45
13013,4146.400000000001
12539,4141.6
16945,4126.04
14755,4106.17
14057,4100.97
12362,4098.94
13097,4084.6800000000003
17686,4067.48
16525,4041.79
18172,4039.5
16265,4018.51
15555,4014.34
14562,4012.62
16672,4005.3
17730,3979.48
14329,3974.03
14680,3943.2
14286,3926.34
17613,3922.42
15290,3920.12
16767,3910.87
16303,3904.43
17426,3895.29
15547,3895.23
15727,3889.91
12700,3888.64
16985,3875.84
14092,3874.81
12431,3866.05
14085,3838.85
13599,3836.91
17975,3819.2000000000003
15738,3804.94
15152,3794.9900000000002
17365,3788.79
14189,3787.7400000000002
13468,3762.89
12415,3756.06
13090,3737.11
16839,3731.29
15955,3714.51
14688,3705.92
13267,3704.69
12627,3675.3
17719,3669.72
18229,3664.7
12536,3659.97
16549,3659.3
16186,3643.08
17364,3641.2400000000002
12949,3639.92
12867,3637.29
17651,3623.63
12714,3621.0299999999997
15529,3616.38
16592,3584.33
14800,3555.27
12957,3547.04
12476,3530.83
13999,3506.81
13137,3506.77
17677,3506.64
15502,3505.42
16440,3503.27
16422,3487.44
17377,3484.42
15544,3479.21
15301,3478.54
17419,3475.62
16670,3472.7200000000003
16458,3469.3
14422,3462.69
12481,3445.7
13069,3445.14
18109,3443.77
13093,3429.4700000000003
17091,3421.37
14390,3415.92
12378,3396.64
17920,3375.62
17160,3356.97
15804,3350.18
13777,3343.69
12484,3322.58
17001,3317.16
14547,3315.76
12357,3315.41
12347,3314.73
12841,3308.77
17611,3295.32
12662,3289.4300000000003
13113,3286.14
17238,3278.1
17690,3278.02
16722,3271.29
17769,3271.08
14291,3262.5
12955,3260.2599999999998
16258,3245.31
16717,3239.63
16145,3235.35
17173,3226.9
16011,3224.48
16242,3221.08
15570,3204.18
15379,3192.81
14534,3186.6800000000003
13198,3181.55
12757,3179.0
13988,3170.07
16327,3170.06
12359,3161.58
13334,3139.07
14395,3129.21
18139,3112.86
15298,3106.88
15218,3102.65
16818,3091.15
17593,3083.48
17758,3081.55
14146,3054.55
15622,3050.79
13381,3045.75
13505,3042.26
13448,3027.5
16393,3025.84
15034,3008.01
13815,3007.46
13426,3007.02
14907,2998.58
14426,2998.21
15416,2990.0
15845,2953.07
17725,2946.2799999999997
16984,2944.9
12553,2933.7
16360,2929.14
14110,2927.37
13880,2927.18
14004,2921.96
15808,2909.07
13881,2902.56
14227,2897.32
18041,2896.07
17863,2891.44
12613,2886.4
15974,2880.81
16940,2879.89
16652,2879.15
13384,2877.66
15632,2874.85
15296,2874.4700000000003
12406,2871.78
13124,2850.53
13756,2850.44
14135,2849.29
14277,2830.32
18092,2818.12
13268,2807.06
14388,2804.56
18272,2794.96
15676,2787.22
17220,2785.73
17567,2775.57
12688,2770.04
18145,2761.12
12437,2760.54
17528,2755.06
15861,2751.17
16353,2745.05
12594,2743.43
12749,2737.73
12449,2733.84
12840,2726.77
13373,2726.17
17576,2723.0
14401,2722.94
16655,2721.36
17389,2717.48
14132,2714.17
12569,2704.69
12562,2701.7400000000002
13327,2690.07
14841,2687.08
13362,2686.64
13148,2685.36
16401,2683.04
14307,2682.61
16156,2681.6400000000003
15356,2680.48
15443,2677.03
14099,2668.76
15708,2667.2200000000003
12668,2666.0
14503,2664.66
14456,2662.98
16191,2661.2200000000003
14221,2655.95
14282,2651.88
15114,2650.16
14016,2642.62
13015,2642.29
13047,2641.31
17050,2640.84
12747,2640.41
14565,2636.81
17231,2636.2200000000003
14868,2629.2400000000002
16904,2624.73
15410,2612.19
13451,2608.66
15764,2602.27
12370,2598.66
15752,2594.4700000000003
14060,2591.62
12712,2586.98
15628,2584.34
13694,2576.61
15606,2570.92
13285,2566.02
16678,2564.91
13854,2557.92
13842,2555.65
17728,2549.93
17059,2549.16
17450,2545.34
12597,2544.07
16764,2538.85
17799,2534.95
12779,2523.53
16712,2515.83
15484,2513.27
14112,2505.16
13971,2502.56
17685,2499.56
14535,2492.68
13139,2473.04
12388,2466.7000000000003
15998,2464.11
12727,2461.52
13536,2451.61
14257,2451.6
16477,2450.7200000000003
13869,2446.95
14258,2439.26
12685,2437.65
15694,2436.7599999999998
17069,2422.9500000000003
13199,2420.0
14107,2413.2200000000003
13136,2408.51
18077,2404.95
16019,2397.83
14903,2386.43
13437,2384.36
12444,2382.56
14125,2376.73
16607,2374.72
14121,2370.56
14546,2366.38
13901,2365.83
15125,2362.7
15491,2358.59
17659,2354.81
17682,2353.4900000000002
14702,2345.54
15687,2344.23
15228,2337.55
16626,2337.14
14262,2337.11
17164,2336.2
14572,2333.51
15046,2332.68
13588,2331.81
15981,2328.48
17183,2326.41
16081,2321.37
16556,2316.6
12429,2313.04
14659,2302.78
13952,2300.811
12910,2297.02
16497,2296.79
13422,2292.0
13266,2290.61
14062,2289.89
17644,2287.71
16241,2287.15
15033,2283.85
14766,2282.42
16686,2273.28
16871,2267.2400000000002
12480,2266.94
18245,2266.43
13654,2261.97
13141,2260.53
16633,2259.55
13804,2256.49
14842,2250.64
15867,2246.76
14525,2245.81
12578,2242.96
15993,2239.98
15696,2235.91
14299,2234.89
15291,2234.16
15065,2234.06
17346,2230.29
14852,2228.7400000000002
13552,2227.55
13975,2224.15
12473,2218.95
13471,2210.64
14243,2205.13
18259,2203.6000000000004
16253,2191.18
13771,2188.72
15271,2183.04
13523,2181.58
16255,2180.61
14175,2177.5
14732,2177.19
15482,2176.88
12517,2176.85
16570,2176.71
13883,2176.33
17213,2176.2000000000003
14032,2173.0099999999998
15750,2171.15
13340,2161.56
13555,2159.94
17449,2154.31
12417,2151.75
14713,2147.15
13895,2144.67
18075,2141.4900000000002
13769,2138.4700000000003
13798,2138.11
17491,2138.03
17700,2135.39
13862,2131.96
17739,2131.35
13993,2127.26
16710,2122.44
13949,2119.84
14639,2119.57
12708,2117.96
15365,2115.7200000000003
18260,2112.46
13680,2109.54
12721,2108.19
12598,2103.43
17084,2101.58
17442,2100.79
12670,2087.47
17589,2085.62
17530,2084.2
16837,2083.25
15288,2074.12
16743,2072.65
15321,2062.64
12520,2061.56
17965,2060.67
15755,2059.84
17858,2056.11
16240,2055.47
15673,2054.26
15903,2050.44
14493,2047.03
15796,2046.21
16905,2036.51
13230,2036.45
17314,2036.24
14626,2035.8200000000002
14810,2035.53
18230,2032.9
13115,2029.06
16358,2027.5
14432,2025.91
15514,2024.0
16701,2023.07
17434,2021.72
18198,2018.14
17954,2017.57
15235,2015.51
14315,2014.03
13571,2013.89
18257,2012.26
17672,2010.42
16379,2006.68
13722,2004.68
16076,2002.96
13994,2002.19
13394,1999.09
14239,1996.75
18283,1996.68
12600,1996.22
13174,1994.53
15187,1994.24
13507,1991.61
12753,1988.77
15854,1986.7300000000002
14844,1986.51
16131,1984.6399999999999
14290,1983.2
14530,1982.45
14825,1979.3100000000002
13644,1979.0900000000001
18097,1977.94
13735,1969.29
16628,1963.05
12856,1960.03
16057,1955.47
13758,1955.39
16735,1949.05
13908,1948.9
16143,1948.19
15521,1946.36
16550,1934.1000000000001
16180,1928.33
14502,1914.94
14040,1910.76
15811,1910.63
12432,1909.68
18210,1907.18
15089,1906.6100000000001
15505,1903.86
15281,1900.68
13742,1895.66
13435,1894.06
12948,1892.3600000000001
15665,1887.45
17625,1885.15
13527,1878.75
16293,1877.74
12656,1873.35
13911,1872.71
12408,1869.47
17272,1868.67
16928,1867.22
12501,1866.66
14554,1863.18
14691,1861.94
14341,1858.47
13021,1855.96
15465,1854.59
18069,1852.42
12935,1851.55
12395,1844.57
12647,1843.87
12360,1843.16
16150,1841.32
16455,1841.18
13700,1840.13
13517,1839.49
17131,1839.1200000000001
16168,1838.22
15058,1836.89
17071,1836.0800000000002
14334,1829.61
15674,1823.6100000000001
14250,1823.13
14854,1821.58
16128,1819.27
15123,1818.6299999999999
13704,1817.8
14408,1816.03
15984,1815.66
17838,1812.06
12782,1811.47
14305,1811.16
13890,1807.46
15093,1807.28
16771,1807.19
13224,1804.92
16316,1803.72
18065,1803.16
17228,1798.95
17211,1798.93
13576,1797.66
14251,1796.8200000000002
17191,1795.56
17504,1794.82
13048,1793.91
17444,1789.94
14711,1786.67
18241,1786.64
16782,1786.3500000000001
12916,1785.8
13126,1783.57
13317,1781.8300000000002
14180,1779.8200000000002
15704,1778.3700000000001
14309,1766.45
13632,1764.3700000000001
14188,1763.8600000000001
14211,1761.15
15203,1757.4
12438,1753.1200000000001
17696,1751.63
17827,1751.3600000000001
14696,1750.74
12518,1750.09
15641,1749.32
12560,1746.16
15572,1745.99
17015,1743.84
15394,1743.69
16201,1739.92
12928,1739.74
12380,1738.25
16409,1737.14
13658,1735.85
15105,1728.99
15819,1728.57
14360,1722.63
12397,1720.01
12524,1719.21
13365,1718.8700000000001
13495,1716.07
13870,1713.04
16938,1712.49
17667,1708.07
18094,1705.46
13196,1704.03
17512,1702.6100000000001
14701,1702.59
15518,1700.88
17469,1695.97
16841,1692.7
16912,1691.08
15367,1690.8500000000001
13344,1684.29
16474,1681.0900000000001
13481,1680.26
15531,1677.6000000000001
16709,1667.8300000000002
14292,1665.33
16210,1664.8
12963,1664.06
12456,1663.24
18204,1655.2
17061,1653.0
17790,1652.25
16169,1651.8200000000002
14640,1651.76
17088,1651.6100000000001
14215,1650.47
15594,1648.5
12409,1646.79
12684,1646.19
16875,1643.83
13297,1641.59
17463,1641.31
16426,1640.4
16407,1638.98
17451,1638.8
18180,1637.38
14439,1637.3
17092,1634.44
14462,1633.88
15351,1632.8600000000001
14232,1630.66
17787,1630.29
18242,1629.92
16003,1628.8700000000001
13755,1626.66
12625,1625.82
17337,1625.41
12836,1620.1200000000001
18219,1616.92
13695,1616.53
14210,1616.1200000000001
14837,1613.5
17744,1613.26
17422,1609.85
18122,1608.4
17861,1606.44
15140,1604.01
16170,1598.52
15260,1595.27
14030,1594.7
16919,1592.8
16007,1592.6200000000001
15932,1591.41
15113,1589.8
17634,1588.89
15950,1586.91
17284,1586.08
15874,1584.3500000000001
15129,1583.27
13520,1582.45
13650,1567.29
13510,1565.02
16102,1562.74
16618,1561.08
15220,1560.45
14038,1560.38
17722,1560.26
13421,1556.54
17218,1554.88
12615,1552.99
12726,1550.1
14440,1549.88
17400,1545.6200000000001
15021,1544.1200000000001
13924,1544.05
14515,1542.51
17663,1542.3600000000001
17612,1541.59
17591,1541.47
13851,1536.08
12423,1535.61
12868,1534.71
15179,1533.79
13320,1532.2
16983,1529.87
15002,1525.66
14595,1524.96
18178,1521.22
14498,1519.27
14418,1517.64
14245,1516.7
16748,1515.9
17230,1514.0
16115,1512.38
17705,1511.72
12502,1511.32
14472,1507.9
14235,1505.34
16942,1504.19
14930,1503.6100000000001
13014,1499.03
15214,1497.14
15370,1495.2
15245,1490.76
14665,1490.75
14621,1490.42
12607,1490.26
12483,1486.54
16790,1485.38
14653,1483.15
15527,1481.39
18231,1480.52
12610,1479.6399999999999
13850,1478.98
15834,1478.98
13875,1477.82
18235,1477.78
13313,1475.1200000000001
16244,1475.05
12377,1472.52
13593,1471.93
15024,1470.33
15660,1470.24
14730,1469.07
12758,1468.59
14461,1467.92
17629,1467.32
14970,1465.51
16153,1463.53
15827,1463.24
12826,1460.8
13562,1459.6100000000001
14387,1458.25
18239,1457.81
14719,1450.89
13157,1447.98
14178,1446.49
14524,1438.78
17159,1436.45
17188,1430.71
13982,1424.6
13590,1417.5
13012,1416.15
16791,1414.38
12877,1413.31
15157,1408.73
17082,1408.1
16456,1407.13
12645,1406.18
14466,1400.65
15373,1400.01
13184,1395.77
12843,1395.69
16279,1393.0
13134,1392.14
13941,1389.88
13309,1389.78
18044,1388.7
15485,1388.46
17673,1387.25
17293,1387.14
15172,1385.88
16813,1385.57
12633,1379.94
14441,1378.5900000000001
15392,1374.49
16539,1372.91
14541,1372.05
14443,1370.33
16466,1368.42
16515,1367.54
17085,1366.7
13186,1362.02
14808,1361.85
17768,1360.91
12678,1359.8
15681,1358.16
16684,1357.74
12635,1357.69
12865,1355.82
13577,1353.5
17738,1351.81
15782,1351.38
12398,1349.44
13764,1347.6200000000001
15241,1347.01
17090,1346.74
18188,1344.72
14700,1344.33
17655,1342.44
15111,1339.68
16996,1335.2800000000002
14673,1334.64
13814,1334.22
15826,1331.97
14748,1330.09
13849,1325.55
16656,1325.28
16029,1324.35
16283,1320.41
12669,1319.92
16326,1310.02
13995,1308.99
14918,1308.89
17086,1307.9
15128,1307.74
15810,1307.23
15251,1307.12
16369,1306.96
16059,1303.51
16992,1302.16
12371,1300.46
15134,1299.55
15791,1297.17
17870,1296.07
16463,1295.48
17162,1293.26
14246,1293.0
17676,1291.6000000000001
12674,1289.54
14704,1288.44
15122,1286.28
14740,1283.86
15398,1283.63
18161,1281.32
14336,1281.1100000000001
12759,1279.09
18177,1278.47
12523,1277.91
13983,1277.8
12989,1277.23
15067,1277.2
17063,1276.7
14459,1274.16
16889,1273.84
13450,1272.48
16775,1271.1100000000001
16395,1270.64
14741,1270.34
17147,1270.07
12947,1269.59
15332,1266.86
14312,1265.06
17997,1264.1
16719,1263.97
16817,1262.71
16101,1261.7
16496,1259.63
18167,1259.46
14878,1259.39
14587,1258.33
14567,1257.96
14226,1256.49
14921,1255.23
15427,1254.35
15444,1253.81
14217,1253.13
15237,1252.38
15980,1250.0
13477,1249.8899999999999
14834,1249.42
16571,1249.37
15906,1247.79
14934,1246.59
16016,1246.56
17633,1243.34
12381,1242.96
14005,1242.9
14776,1239.54
17596,1236.59
15106,1235.45
15136,1234.5
18179,1233.24
12937,1233.1200000000001
13265,1232.52
16110,1232.15
16332,1231.9
17372,1227.3
12853,1227.2
12576,1225.31
17648,1224.6000000000001
16271,1221.8500000000001
17554,1220.91
17083,1219.0
16245,1217.76
15493,1216.8600000000001
16173,1216.6200000000001
13159,1215.79
13659,1215.27
12585,1212.95
12383,1211.84
16929,1211.81
12762,1211.3
13149,1210.68
15620,1207.95
14506,1206.85
13627,1203.83
13725,1203.52
12455,1201.8600000000001
17590,1198.94
13213,1197.28
15426,1196.07
12393,1193.5
13158,1193.5
16434,1192.4
14859,1190.54
17932,1188.92
16218,1186.38
15051,1186.13
17095,1184.91
17037,1182.32
12704,1180.98
15549,1180.26
13456,1180.1200000000001
15671,1179.81
17412,1178.74
14321,1178.4
13082,1177.36
17656,1177.25
15858,1175.8
15701,1175.66
14544,1175.57
14511,1173.41
17404,1172.14
13824,1171.86
17490,1169.33
17406,1169.17
15240,1168.8
14916,1165.71
15146,1164.52
12901,1162.35
15625,1161.42
15453,1160.12
15009,1159.28
12919,1159.21
14937,1158.68
16755,1156.54
17813,1156.17
13162,1156.15
12463,1155.38
14738,1154.7
15910,1154.23
15680,1153.39
17519,1151.1000000000001
14447,1147.33
15117,1146.73
17802,1145.07
17043,1144.98
14684,1141.96
17073,1141.77
16979,1137.33
16910,1136.41
13647,1134.52
16045,1133.4
16726,1132.15
14543,1131.39
12352,1130.94
13634,1130.31
13183,1126.63
13118,1125.96
16348,1125.71
16638,1125.55
16951,1125.06
16503,1124.28
12528,1121.63
15563,1120.83
15983,1119.91
17671,1119.59
13397,1118.81
15201,1116.54
15785,1115.67
13475,1115.66
13808,1115.66
17019,1115.28
12412,1115.04
16794,1114.82
16762,1110.3400000000001
15596,1109.14
12906,1108.02
16098,1107.51
13860,1106.93
12364,1106.28
12405,1104.8700000000001
13055,1104.06
16249,1103.39
14297,1102.85
16669,1101.78
17750,1101.16
12876,1100.82
12584,1100.6000000000001
12620,1100.1399999999999
14209,1098.55
13168,1097.29
16042,1095.27
16902,1094.69
17597,1093.74
15116,1092.68
13308,1092.43
13107,1092.0
17481,1091.96
17204,1091.3600000000001
16172,1091.31
14116,1091.04
14105,1089.14
17193,1088.8600000000001
12913,1088.45
13717,1088.32
16464,1087.25
12356,1086.56
16066,1085.74
14745,1085.5
12407,1085.01
14216,1082.66
15532,1081.49
15376,1081.01
17837,1080.68
18116,1080.55
14978,1079.27
17562,1078.82
14404,1078.73
16225,1077.8700000000001
14129,1077.06
15265,1076.52
15916,1076.44
16053,1075.45
12526,1074.46
17873,1073.26
14759,1073.07
16224,1072.85
14669,1069.77
13802,1068.52
15530,1067.92
17101,1067.18
16676,1062.78
13614,1060.3600000000001
14794,1060.06
12886,1059.3600000000001
18202,1058.99
12952,1058.26
15059,1057.8700000000001
13425,1057.45
12854,1056.4
16317,1055.63
18061,1053.39
14163,1051.6100000000001
12530,1051.42
16531,1050.32
13813,1050.26
14698,1049.07
13208,1045.07
14893,1044.63
17302,1044.48
15073,1043.41
16653,1043.31
14276,1042.49
18263,1042.4
14482,1041.28
16341,1040.37
14901,1040.31
15494,1040.08
13324,1036.95
16612,1036.76
15933,1035.05
16744,1034.02
12985,1033.52
14414,1033.42
13635,1031.43
12676,1031.39
16954,1026.71
13447,1026.69
14419,1025.94
18125,1024.07
14364,1022.95
12909,1022.43
15839,1022.21
15411,1022.2
13878,1021.98
16833,1021.53
12689,1020.21
16040,1018.86
13772,1017.9300000000001
14608,1017.1500000000001
17702,1016.99
17571,1016.56
13715,1016.25
13310,1015.73
12783,1011.3000000000001
13500,1010.8
17505,1006.94
13652,1003.64
16493,1002.6
16688,1000.88
13305,1000.21
13486,999.55
12349,999.15
15801,997.85
12882,995.4
14913,995.12
14397,994.8199999999999
15814,994.09
17594,993.18
14019,991.01
14723,990.64
16766,989.0
14071,988.91
17348,987.76
17774,985.74
16012,984.87
14963,983.63
15108,983.5500000000001
17754,982.55
15050,982.29
14407,981.53
12951,979.12
15630,977.75
16553,977.24
12885,977.22
16370,977.21
13521,976.92
13761,974.65
16639,974.01
16049,973.99
16398,972.95
13110,971.22
12546,969.58
13232,969.3100000000001
17175,968.98
16295,967.26
14138,965.8800000000001
17058,965.54
14434,964.8000000000001
14649,964.26
14817,962.08
12828,961.96
13330,961.38
18287,960.76
17042,959.68
12457,958.93
17277,958.0500000000001
14561,957.37
13611,956.76
13931,956.13
15953,955.93
17158,954.77
17041,954.57
12764,952.88
17609,952.1899999999999
12488,952.1600000000001
12775,952.14
17350,952.0
12494,951.75
17800,951.36
14293,951.1600000000001
18016,949.6
15737,948.85
17100,948.34
13138,946.49
14487,946.3299999999999
15605,944.5300000000001
15730,943.91
13491,943.34
15978,942.58
18130,941.16
14267,940.44
16681,939.64
14655,939.2800000000001
12372,938.34
14214,938.14
14078,936.7199999999999
13396,936.69
16842,935.49
16807,934.6899999999999
16350,932.7
15948,931.84
14857,931.17
14507,928.78
15745,928.5400000000001
14948,927.11
12611,924.52
12820,923.62
16918,923.52
12724,923.41
17727,923.35
16320,922.64
16637,921.76
15145,921.73
17126,917.16
14233,916.9200000000001
13744,916.26
17242,915.04
18221,913.82
14140,913.18
12716,912.91
16520,912.72
15062,912.38
18144,912.1500000000001
12936,911.9
15436,911.15
16188,910.87
12710,909.8199999999999
12630,905.08
17894,904.49
14383,903.67
15449,903.26
17323,903.12
14141,902.38
17828,902.02
17410,900.27
14446,899.22
14856,899.09
17203,899.04
16533,896.97
18143,895.8100000000001
17679,892.86
15227,891.78
13038,891.46
18189,891.34
14410,886.72
16175,885.09
18173,884.98
16801,884.03
17047,882.9
16809,882.59
14898,881.02
17669,880.52
12997,880.09
16987,879.6
14775,879.42
13064,879.22
12358,878.22
14161,878.02
17289,877.57
12590,877.26
14591,876.86
14035,876.07
14409,875.4200000000001
16513,874.59
17731,871.06
13235,870.57
16013,869.9
13979,869.87
12769,869.4
13564,868.59
13630,866.94
15255,865.35
15478,862.19
17720,860.54
13467,860.01
14577,859.71
17552,859.27
13192,859.14
17961,858.24
15421,856.94
16572,855.55
13719,855.41
16200,854.4200000000001
12752,854.12
15306,854.02
18168,853.78
14449,852.55
16085,852.4
16070,852.15
14712,851.73
13610,850.48
16094,847.93
15722,847.4200000000001
15253,847.29
13566,846.89
12609,846.11
13501,844.72
15312,843.25
13155,843.0600000000001
15712,842.9
15270,842.0500000000001
13117,840.7
12878,839.09
16728,838.78
12646,838.16
15500,837.13
16229,836.6
14540,836.51
13363,834.89
13376,834.3100000000001
15939,834.16
15434,833.86
13515,833.82
12857,831.15
15329,830.95
12534,828.73
14001,828.0
14584,825.76
15088,825.52
15069,825.48
15716,824.64
15004,823.21
14352,821.76
15832,821.49
13122,821.1
17724,820.2
14083,820.1
18237,819.5699999999999
13934,818.65
18236,818.64
13246,818.53
17027,818.26
16800,817.98
16121,817.51
17585,816.77
13429,816.69
17320,815.88
13431,814.8
16644,813.88
17109,812.95
16108,811.58
16899,811.56
17646,810.7900000000001
13591,809.58
16880,809.37
14971,808.7
16389,807.51
15057,807.0
16714,806.41
13743,805.1999999999999
15835,802.09
17002,801.3
15608,800.16
17097,799.72
14346,799.46
14583,799.4
14359,799.08
17703,798.74
13203,798.68
15807,798.1
17288,797.35
15095,796.74
13681,796.0300000000001
16232,795.88
12794,795.51
17054,795.28
16086,794.0600000000001
13549,793.85
15707,793.76
14231,793.26
14389,792.94
15996,792.23
15132,791.69
14931,790.88
14875,788.1500000000001
17236,787.58
16394,786.44
16934,786.38
14064,783.75
12994,782.52
17649,781.49
14920,780.25
12514,779.68
14573,778.7
17537,777.16
12717,774.03
17566,773.87
13151,773.27
16877,772.77
17048,772.25
17096,771.84
17584,771.7
15076,771.3
15508,771.13
17921,769.38
15399,768.97
14499,768.74
18136,767.33
17829,765.34
12599,764.38
14428,764.04
13782,763.42
13109,763.2
15156,762.39
18228,760.0
16284,759.84
15164,759.08
14229,757.8
14533,757.44
15907,756.47
16657,756.46
15860,754.76
17405,754.26
13655,753.22
12653,752.81
13336,752.8000000000001
16092,752.5600000000001
15787,752.56
16416,752.3
15965,752.0
17169,751.76
15239,749.67
13692,749.64
16900,748.95
12550,748.88
16438,748.6
17018,748.5
17624,747.43
15238,747.23
15489,746.39
14050,746.36
14739,745.38
14240,745.14
16209,744.28
12642,743.77
12822,743.28
16554,742.8
16950,741.3000000000001
15252,740.78
15618,739.951
16980,738.51
15506,738.21
14256,738.0600000000001
15022,737.67
14815,737.22
14193,737.15
12680,736.97
14223,736.5600000000001
12379,736.44
13032,735.93
15074,735.67
12912,735.66
15841,735.0
17470,734.41
12446,734.36
13637,733.8
16907,733.21
13846,733.16
15341,732.96
14514,732.3
12652,732.28
15644,732.09
16099,731.9
17704,729.99
17809,729.45
13492,729.24
12399,729.15
15813,728.86
14421,728.61
14075,728.54
17311,727.84
14883,727.75
14862,727.62
13282,726.94
13294,726.39
12722,726.1
16460,726.0
18096,724.54
15568,724.39
16494,723.93
13280,723.45
14631,722.9200000000001
12713,722.85
16184,722.58
16376,721.59
12541,721.38
13991,720.84
13636,720.83
17214,720.07
12849,719.5
15838,717.84
15799,715.04
15706,714.16
15464,713.25
13752,712.84
16152,712.46
17527,712.4200000000001
15855,712.24
14758,711.82
14824,711.71
16361,711.36
13753,710.66
13867,709.54
13016,709.34
18073,707.6
17930,707.4
14657,707.37
12453,707.09
16020,707.01
14234,706.92
14488,706.18
17006,703.9300000000001
12424,703.72
17924,703.38
14676,702.12
17179,701.84
15066,701.79
13389,700.66
13538,699.45
18192,698.82
12545,698.8
14306,697.88
13476,697.67
16367,696.76
17287,694.46
13037,693.37
17621,692.9
13835,692.37
14778,691.0600000000001
13583,691.05
15679,690.98
16869,690.79
18085,689.95
15289,689.46
12815,687.66
14715,687.23
13882,686.34
16270,685.99
13720,685.8
13354,684.91
17521,684.59
14623,683.62
15898,683.53
13823,683.36
16770,683.0500000000001
14475,683.01
14154,682.92
12354,682.69
14081,682.15
15274,681.77
16924,681.39
17064,681.3000000000001
12619,681.02
17764,679.35
16164,678.54
12691,678.2
14442,677.47
13040,676.99
17819,676.81
12697,676.71
15611,676.71
17007,675.91
18171,675.6800000000001
15364,675.59
15414,675.45
16037,675.4200000000001
16584,675.38
16949,674.72
13575,674.5699999999999
15757,672.88
14897,672.58
13956,671.39
15806,671.22
15211,670.9100000000001
13261,670.5
13884,670.45
15952,670.0400000000001
14625,668.48
16221,668.08
16309,666.77
13314,666.69
17004,665.64
12628,665.46
16511,665.33
16009,665.1600000000001
16470,664.9
13339,664.42
17759,664.21
13601,663.08
15582,663.01
13509,662.6800000000001
17180,661.06
13455,660.19
16362,659.3000000000001
16600,658.1
12462,657.8
15862,657.29
16127,656.25
17472,656.14
17425,655.97
12612,654.0
15599,653.6899999999999
16214,653.45
13350,652.77
15407,652.74
16560,652.66
12701,652.45
17516,651.71
17974,651.1
12572,650.87
14829,650.83
14550,650.77
13799,649.06
13940,648.5600000000001
13662,647.0600000000001
14009,646.8100000000001
13639,646.34
12422,645.3100000000001
14224,645.21
17522,645.2
17618,644.63
17797,644.63
16103,644.6
12924,644.2
16759,643.1
12847,640.24
12679,639.86
18156,639.19
13077,637.21
12925,636.13
17135,635.77
17642,635.49
16139,635.41
14261,633.79
17502,633.36
15977,633.32
17381,632.31
15747,631.09
17411,630.7
14923,629.6
17777,629.11
16730,627.87
13034,627.82
15822,627.02
14451,626.9
14128,625.0
15297,624.94
12434,624.84
13819,624.75
17075,624.52
14976,624.0600000000001
17373,623.07
12657,623.0
14770,622.37
12465,621.49
16222,620.7
16347,620.58
15110,620.4
12510,620.05
17402,619.91
15602,619.7
14113,619.02
15192,618.6
16491,617.84
17033,617.76
13240,616.7
16891,615.9300000000001
18121,615.8
14344,615.5300000000001
17919,615.48
12772,615.3199999999999
14894,614.95
17368,613.99
13028,613.4399999999999
17462,612.44
12458,612.38
17461,612.01
14662,611.8
17692,611.04
15079,610.5600000000001
14636,609.85
14959,609.54
12640,609.53
13810,609.16
18265,609.11
13499,609.09
16054,608.5600000000001
14754,608.3
16266,607.99
17695,607.94
13516,607.91
16036,607.69
14015,607.62
12421,607.57
13200,607.27
13375,607.1800000000001
16806,607.16
13464,606.73
15322,606.66
16449,606.54
16083,606.14
16216,605.88
15182,605.85
13914,604.83
13370,604.75
13131,604.3
15990,604.01
15581,603.9300000000001
13341,603.55
16205,603.3299999999999
15763,602.87
14152,602.57
15071,601.82
14560,600.03
18248,599.84
14869,599.02
16043,598.74
16261,597.09
16235,595.71
12965,595.61
12781,594.54
14788,593.82
16203,592.9
13236,592.33
15384,591.91
17387,591.82
13572,590.9300000000001
16747,590.73
16774,590.12
15636,589.5600000000001
15800,588.69
13410,588.34
16120,588.1
16859,587.63
13402,587.23
13596,586.91
16613,586.79
16134,586.29
18196,585.93
17990,585.84
16306,585.17
17034,585.07
14150,584.74
15133,584.1800000000001
15658,583.85
13323,583.85
15951,583.27
12842,582.3100000000001
13707,581.36
13524,580.94
15677,580.93
13316,580.49
12723,580.33
14047,580.2
15480,579.25
14672,578.57
16725,578.48
17796,578.05
16107,577.9000000000001
12535,577.85
14756,577.36
14904,577.12
13933,576.99
13416,576.5
14222,576.5
15576,576.33
12468,575.99
12838,575.3000000000001
17507,574.73
16788,574.29
13430,574.25
14020,573.86
15103,573.46
17979,573.03
18079,571.69
16062,571.52
15104,571.49
17985,571.35
16708,571.03
13104,570.48
15656,569.4
15985,569.1800000000001
16311,568.89
13414,568.5
13221,568.16
17734,567.91
15584,567.46
12577,566.7
14664,566.59
18150,566.58
16015,566.56
15525,565.97
15743,565.76
12728,565.33
15244,565.17
13918,565.1
16546,564.95
14629,564.91
13736,563.95
17115,563.7
13496,563.63
14102,563.48
13607,563.0600000000001
18082,562.88
15626,562.56
14412,562.33
12475,561.9399999999999
16567,561.4
17105,560.98
16325,560.74
18151,560.7
14651,560.3
14273,559.97
14332,559.05
14692,558.55
15571,558.05
16146,557.13
16014,554.58
14790,554.46
13900,553.95
16444,552.17
16212,552.09
17459,551.99
15700,551.43
13558,550.57
16023,548.86
14179,548.67
13356,548.59
15353,548.27
17664,547.94
16431,547.68
16365,547.61
13546,547.39
13853,547.3000000000001
17812,547.26
17994,545.83
12413,545.2
17540,544.9
14108,544.36
14553,543.62
14529,542.96
18022,542.25
14710,541.63
17447,541.53
14023,540.77
16732,540.33
14411,539.4000000000001
16357,538.6800000000001
14481,538.41
12425,538.14
17884,537.22
17144,537.1800000000001
16136,535.94
13518,535.4399999999999
12658,535.4
17460,534.08
16208,534.06
18232,533.57
15433,533.3
17244,532.53
17397,532.36
16022,532.28
17299,532.25
14044,532.12
17466,531.88
12374,531.73
17653,531.22
15511,530.93
14737,530.35
14467,530.01
15366,529.94
16882,529.47
15339,528.71
12883,527.87
13212,527.48
17874,527.07
14753,526.75
16573,525.96
14708,525.81
14880,525.09
17557,525.01
13557,524.06
16469,523.17
14201,522.64
13831,522.63
13730,522.55
15815,522.48
14504,522.21
16969,522.2
16419,522.09
16825,521.48
13379,521.36
15028,520.84
15561,520.19
12513,520.04
12944,519.81
15053,519.59
15829,517.8199999999999
14867,517.78
14323,517.66
14176,517.2
16230,516.53
15027,516.35
17341,516.3000000000001
14592,516.29
13355,516.0
12739,516.0
16383,515.89
18217,515.67
12940,515.62
18211,515.0699999999999
13030,514.84
12556,513.66
12649,513.0500000000001
18183,512.87
14167,512.84
17480,511.82
13731,511.59000000000003
15624,511.5
14220,510.72
13838,510.67
14882,510.20000000000005
15417,508.8
13548,508.59000000000003
13959,508.59000000000003
17890,508.57
14289,508.06
13301,507.74
12872,507.12
15987,506.44
15812,506.38000000000005
13220,506.04
13388,505.45
14284,505.3
15492,504.73999999999995
12673,504.62
14198,504.6
15533,504.42
13951,504.09000000000003
14006,503.6
14127,503.01
16206,502.71000000000004
15272,502.26
16384,502.2
16140,501.9
14871,501.28000000000003
14539,500.32
15467,499.93
12654,499.33
14133,499.28999999999996
18160,499.06
12521,499.03
12719,498.55
12638,498.25
16916,498.18
15497,498.0
12500,497.89
16602,497.21
17265,497.21
15075,496.78
12942,496.7
13888,496.02
17864,495.75
14021,495.7
15795,495.52
16268,495.2
16442,495.2
17779,494.86
16352,494.44
15215,494.24
16561,494.12
13238,493.68
17883,493.34
15452,492.83
13705,492.78000000000003
12624,492.78
12778,492.49
13732,491.86
15651,491.65999999999997
13357,491.6
18170,490.51
16418,490.12
12571,489.37
17062,488.0
17360,486.79
16960,486.65000000000003
13800,486.62
14465,486.59000000000003
16056,485.85
17259,485.33
17420,485.08
17014,484.98
12363,484.5
15919,483.74
13258,483.73
13211,483.42
14450,483.25
15762,482.95000000000005
16718,482.93
15645,481.09000000000003
14356,480.93
13243,480.02000000000004
12478,479.59000000000003
17333,479.13
17749,478.95
17503,478.91
15539,478.46
16385,478.01
17119,477.79
13075,477.21
13233,477.2
12693,476.51
15315,475.21999999999997
13247,474.72
15550,474.38
13675,473.38
15275,473.29
16185,473.26
17555,471.81
17733,471.63
13325,471.3
13721,470.94
13167,470.15999999999997
16005,470.06
16667,469.98
13963,469.02
13643,468.44
15031,468.34000000000003
17886,468.23
14891,468.1
16364,467.64
17329,466.56
13939,466.37
16603,465.97
15655,465.57
12933,465.47
16340,465.44
14973,465.4
15648,465.20000000000005
15415,465.09000000000003
17637,464.51
16811,464.23
17197,463.81
13276,462.98
16696,462.3
13989,462.21
16734,462.16
14965,461.64
12991,461.26
15865,460.18
17499,460.1
13278,459.86
15830,459.5
16589,459.24
15721,458.90000000000003
15754,458.57
15246,458.1
14320,457.89
14896,457.82
17453,457.46999999999997
12784,455.46999999999997
17623,455.45
13822,454.8
15300,454.44
15756,454.41
15068,453.45
18158,453.4
16933,452.36
12967,452.2
13812,452.1
17454,451.88
16504,451.84
14036,451.25
15197,451.11
14396,451.09
14593,450.95
14607,450.9
14725,450.83
14177,450.77
14382,448.58
12694,447.62
16116,446.98
15091,446.71
13539,446.52
12426,446.08
16804,445.84000000000003
12808,445.7
13427,445.34
17631,445.29
17806,445.11
15223,444.55
15303,444.42
13617,444.04
15000,443.42
14338,443.2
14720,443.16
15208,442.57
16898,441.54
17520,441.29
13023,439.86
13759,439.59000000000003
16624,439.49
15585,439.4
16863,438.88
15574,438.65000000000003
13865,437.81
13950,437.65999999999997
13728,437.44
15669,437.0
14013,435.58
17114,434.67
15963,434.36
13248,434.21
16031,434.05
15643,433.95000000000005
13049,433.68
14489,433.5
17495,432.26
16038,431.98
16943,431.18
17361,430.85
16141,430.70000000000005
13894,430.55
15142,430.52
16650,430.38
13368,430.18
12827,430.15000000000003
15006,430.03000000000003
15230,429.6
16359,429.36
13726,429.11999999999995
12436,429.01000000000005
16642,428.73
17588,428.5
13868,428.37
16008,428.26
14675,428.01
15360,427.93
17579,427.65000000000003
16260,427.45000000000005
18043,426.59000000000003
16551,426.38
12479,426.35
12427,425.62
17423,425.29
15205,425.25
18104,424.64
14820,423.79
15882,423.48
16025,423.15999999999997
15720,423.03000000000003
16345,421.76
14149,421.12
16368,421.07
16495,420.61
16616,420.52
13816,420.42
15206,420.29999999999995
14645,419.42
13046,419.11
12461,419.08
18176,419.05
12743,418.93
15199,418.70000000000005
13292,418.45
12418,418.16
17232,417.77
16475,417.7
12707,417.52000000000004
12589,417.28
12644,417.12
13889,416.90000000000003
16480,416.57
14851,416.55
14744,416.48
16236,416.3
16820,415.94
12811,415.55
17324,414.84000000000003
12993,414.76
15287,414.69
15573,414.3
16750,414.13
15589,413.73
13974,413.59000000000003
16834,413.46
14093,411.9
17321,411.74
14628,411.71000000000004
16272,411.7
13925,411.1
17290,410.49
12667,410.23
13892,410.01
17545,409.94
17564,409.36
14335,409.2
16574,409.14
18205,408.86
14618,408.84000000000003
13311,408.82000000000005
17152,408.8
12390,407.74
16034,407.1
12391,406.88
12664,406.8
15475,406.31
13741,405.63
14522,405.26
15448,405.04
14157,404.73
16319,404.40000000000003
17712,403.21
17515,403.17
18036,403.12
13385,403.07
16824,402.74
15780,402.08
17429,401.72
16643,401.31
16816,401.16
17146,400.98
14780,400.88
17295,400.12
16884,399.96
14048,399.85
15121,399.07
15957,399.04
13602,398.65000000000003
18093,398.59999999999997
17370,398.21999999999997
16706,398.1
12508,397.88
16084,397.58
12802,397.58
14158,397.38
13594,396.97
15821,396.86
14022,396.8
15402,396.39
16374,396.28000000000003
12631,396.0
14331,395.76
14757,395.5
12793,395.48
13485,394.44
15264,393.74
15930,393.63
12987,392.45
17888,392.42
16010,392.4
16795,392.18
15831,392.02
17262,391.81
15891,391.77
13044,391.72
16529,391.65000000000003
15342,391.14
13885,390.2
14818,390.05
12930,389.61
15450,388.94
12507,388.75
17880,387.82
14420,387.52
17508,387.31
17076,386.9599999999999
12616,386.79999999999995
16780,386.79
15258,386.76
13615,385.89
16298,385.2
14670,384.90999999999997
13623,384.76
16535,384.63
16204,384.18
16982,384.06
13398,383.57
15038,383.54
15553,382.63
15725,382.25
13000,382.16
12593,382.09999999999997
15147,382.0
16654,381.87
17483,381.64
14644,381.02000000000004
15654,380.91
17897,380.56
12420,380.3
13253,380.15999999999997
12447,379.78999999999996
12580,379.7
13318,379.53999999999996
13506,379.45
17398,378.78000000000003
15081,378.7
15468,377.91
12922,377.3
18252,377.27
17486,376.97
16957,376.84000000000003
16484,376.8
12982,376.5
15734,376.35
15877,376.18
16518,376.07
15976,375.78000000000003
17345,375.74
14317,375.58
13563,375.13
12735,375.07
14910,374.65
14164,374.4
18123,374.16
16955,373.87
16250,373.54
16233,373.38
17053,373.08000000000004
13066,372.75
12981,372.21999999999997
13300,371.89
12725,371.8
12601,371.51
14905,371.35
15975,371.01
15386,370.74
16968,370.73
16157,369.95000000000005
16324,369.89
17227,369.86
17711,369.8
13936,369.74
18071,369.4
14888,369.2
14285,368.78000000000003
14002,368.59999999999997
16892,367.99
12832,366.53
16805,365.31
17950,365.15
15646,364.57000000000005
16119,363.96000000000004
16682,363.42
13405,363.35
16239,363.2
16378,362.95
15165,362.7
16586,361.95
16693,361.86
12890,361.63
17489,361.52
16354,361.40000000000003
16305,361.21999999999997
13487,361.1
18154,360.94
18216,360.85
12729,360.71000000000004
14130,360.46
16441,358.75
15232,358.06
15695,357.81
13531,357.7
17235,357.46
15349,357.46
17431,357.4
16776,356.59000000000003
12787,356.26
16536,356.17
15456,356.17
15471,356.13
16142,356.04
14537,355.56
17282,355.25
13169,355.1
17198,354.97
14077,354.05
16838,353.9
15967,352.28
18155,351.46
12990,351.0
12491,350.75
12592,350.6
17052,350.08
15186,349.85
17418,349.76
12498,349.70000000000005
15947,349.64
15949,349.6
13166,349.6
17432,349.36
13165,349.28
13035,349.20000000000005
13927,348.99
13140,348.67
15883,348.28
16159,348.2
13497,348.05
17035,347.08
14873,346.93
16321,346.8
17614,346.72
15127,346.53
14731,346.13
13844,345.12
12866,344.92
12740,344.8
15225,344.70000000000005
14034,343.84
15026,343.75
12414,343.65
12809,343.41
15012,343.19
18034,342.84
12695,342.56
15994,342.37
17358,342.36
16122,342.18
17379,342.16
15025,342.06
16595,341.96
13026,341.88
14998,341.87
14270,341.65000000000003
15036,341.11
13173,340.21
18040,340.20000000000005
14379,340.15000000000003
16947,339.48
17913,339.39
16183,338.71000000000004
17905,338.59000000000003
13291,338.41
13332,338.4
12904,338.21
15334,337.92
13899,337.52
13176,337.43
18164,337.40000000000003
13930,337.34
15900,337.28
15193,336.95
13928,336.47
17573,336.44
12564,336.15
14497,335.52
16063,335.32
15472,335.15999999999997
12895,335.05
15864,334.8
17999,334.79
15870,334.69
14538,334.35
15918,334.23
18222,333.87
13649,333.85
14265,333.43
13670,333.2
12617,333.08
17375,333.06
12493,332.91
13904,332.64
16906,332.58000000000004
13631,332.5
16018,332.46
16803,332.3
13919,331.86
15406,331.79
12394,331.18
17357,331.04
15768,331.03
17848,331.02
15889,330.27
14272,330.2
15130,330.11
13461,329.8
15047,329.7
12792,329.59
16211,329.22
12579,329.12
13817,328.98
16629,328.95
14012,328.8
13748,328.7
15213,328.35
17936,327.53
15149,327.45000000000005
14870,327.25
15109,327.15000000000003
13473,326.96
16903,326.8
15522,326.65
17392,326.52
14400,326.48
16885,326.26
17964,326.25
12844,325.96000000000004
16830,325.91
12639,325.3
14886,325.0
15466,324.58
15597,324.57
16563,324.5
18181,324.40000000000003
16399,324.2
13873,324.05
13351,323.94
14912,323.77
18149,323.7
13005,323.3
12591,323.1
14342,322.8
16851,322.28999999999996
16275,322.12
13821,321.89
15429,321.68
15809,321.4
13579,321.29
15236,321.05
13657,321.0
15520,320.7
12763,320.08
16858,320.04
13656,319.79
18067,319.03
17157,319.0
14620,318.54
14703,318.17
17839,318.15
17917,318.08
18066,318.0
17031,317.95
16065,317.84000000000003
15840,317.8
13923,317.63
16850,317.29
14850,317.25
14866,316.72
15243,316.68
13338,316.47
12824,316.42
13352,316.17999999999995
14029,315.66
15032,315.25
16091,315.06
15592,314.66
18261,314.29
16227,314.22
13774,314.15000000000003
15970,314.1
15314,314.05
12582,313.92
16135,313.7
16174,313.0
16030,312.85
13329,312.48
16450,311.92
15326,311.71
14327,311.65
17795,311.48
15664,311.43
13897,311.16
16207,310.38
15363,310.1
12970,310.05
14339,309.52
17926,309.23
15777,309.21000000000004
17229,308.81
14171,308.44
13763,308.40000000000003
12365,307.94
13954,307.82
17934,307.68
15440,307.18
13359,307.06
12833,307.03000000000003
16322,306.85
17237,306.74
14288,306.0
16614,305.79
16915,305.63
16796,305.62
14988,305.29
13045,305.28000000000003
15587,305.28
16967,305.09999999999997
16318,304.75
13358,304.71
13390,304.68
14014,304.42
15424,304.14
14470,303.99
14431,303.66
12976,303.6
16052,303.54
17595,302.84000000000003
14206,302.65999999999997
14236,302.64
17506,302.2
14484,301.76
12559,301.41
15667,301.32
15148,301.29
12988,301.17
16625,300.68
17458,300.40000000000003
15837,300.23
13345,299.70000000000005
14902,299.66
17973,299.48
14690,299.4
16071,299.29
12373,299.1
17154,299.1
18218,299.0
14024,298.45
17697,298.25
17678,298.11
14348,297.87
13673,297.79
15789,297.65999999999997
13145,297.6
15938,297.58
12532,297.33000000000004
15507,296.76
12527,296.71000000000004
14805,296.45
16404,296.45
13494,296.1
14643,295.87
14597,295.74
17525,295.5
17239,295.0
17560,294.67
16499,294.55
16978,294.43
12350,294.4
17911,294.35
17252,294.31
13887,293.95
16674,293.84
18056,293.7
16689,293.52
17163,293.1
15652,293.09000000000003
13210,293.0
13990,292.58
16721,292.47
15880,292.18
16930,292.17
13239,292.12
14496,291.92
13449,291.88
13116,291.29
13343,290.93
13706,290.89
14729,290.79
18081,290.58000000000004
18059,290.56
13417,290.48
15678,290.3
16488,290.3
13372,290.04
16999,289.92
16810,289.64
16473,289.16
14622,288.78000000000003
17492,288.62
16217,288.45000000000005
17138,288.3
12596,288.27
14205,288.2
14427,287.74
16763,287.45
14557,287.44
16566,287.28000000000003
13760,286.79
17770,286.57
16668,286.56
12384,286.32
16198,286.281
16855,285.8
13727,285.78000000000003
12452,285.67
17761,285.64
17636,285.56
13929,285.45
12544,284.9
15318,284.9
17070,284.34
12950,284.2
14403,283.95000000000005
12448,283.95
18095,283.8
15184,283.45
12375,283.3
17433,283.26
17438,283.05
18053,283.02
17510,282.98
14350,282.93
16621,282.71000000000004
17976,282.64
17250,282.62
18062,282.45
13177,282.45
16292,282.35
15469,282.1
14915,281.98
16366,281.90000000000003
17551,281.84
16848,281.42
15048,281.3
13091,281.08
13629,281.01
14142,280.95
16193,280.63
15732,280.2
15092,279.61
17835,279.54
14803,279.45
16826,279.45
16485,279.35
17970,279.33
16343,278.83
15163,278.77
14139,278.28
15847,278.04
15054,277.95
17248,277.85
13984,277.43
16297,277.34000000000003
14762,277.12
13803,277.07
12733,276.85
17362,276.28
15557,276.26
14947,275.82
15018,275.36
14067,275.04
17869,275.03
17783,274.97
12410,274.23
17330,273.9
12999,273.78
15766,273.65999999999997
16125,273.45
14594,273.28
13439,273.27
16386,273.07
16711,273.03000000000003
17222,273.0
18001,272.93
15969,272.7
13502,272.1
16372,271.48
17674,271.32
16400,271.08
17011,270.9
15551,270.87
15901,270.78
17298,270.68
18250,270.62
12516,270.48
13242,270.40000000000003
16823,269.68
14638,269.6
16555,269.39
12623,269.1
15609,268.78000000000003
16423,268.78
15380,268.54
15872,268.2
15971,268.1
12818,267.6
15060,267.5
16648,267.26
16451,266.97
14863,266.76
13092,266.61
15713,266.6
18215,266.34000000000003
13569,266.22
17604,266.02
12816,265.90000000000003
13953,265.68
12703,265.55
12690,265.11
17189,264.9
13863,264.88
12945,264.25
12852,264.15000000000003
14619,263.74
17123,263.7
17523,263.43
12715,263.36
14985,263.34
15010,263.19
15090,263.12
17767,262.95
14480,262.55
17124,262.44
14000,262.2
13171,261.51
13058,261.45000000000005
13479,261.15
13504,260.48
13121,260.36
17862,260.0
17078,259.94
13245,259.85
17765,259.58
14951,259.52
17501,259.35
13127,259.17
13321,259.04
12538,258.75
15885,258.55
13708,258.46
17949,258.29999999999995
13227,257.7
18159,257.25
17968,257.15
18127,257.09000000000003
16048,256.44
16727,256.32
14660,256.24
13589,256.05
14761,255.9
16479,255.63
15942,255.54
12648,255.3
17931,255.0
15781,254.91
16123,254.88
17708,254.82999999999998
15261,254.82
15912,254.67000000000002
15714,254.53
17094,254.3
17351,253.5
17255,253.45
15254,253.32
14479,252.65
13404,252.49
15346,252.42000000000002
13667,252.20000000000002
13917,252.14000000000001
17694,251.92000000000002
15153,251.82
15535,251.8
14555,251.7
18006,251.53000000000003
13395,251.28
16478,251.26000000000002
16149,251.24
14501,251.21
17496,251.10000000000002
13207,250.26000000000002
15894,249.65
13259,249.18
14068,248.85000000000002
17046,248.6
17464,248.20000000000002
16202,247.52
13874,247.45000000000002
18072,247.44
13780,247.31
13784,247.26
16413,247.25
13801,247.1
16723,246.99
15517,246.72
17385,246.16
16936,246.11
17221,245.66
14184,245.59
13453,245.57999999999998
13533,245.23999999999998
18270,244.9
13304,244.85000000000002
17878,244.83
15120,244.4
17251,244.33
15224,244.13
13060,243.93
13750,243.68
14950,243.5
16147,243.08
12519,242.84
17691,242.70000000000002
15304,242.60000000000002
17569,242.6
12650,242.44000000000003
13718,242.4
17430,242.36
15277,241.98
13745,241.35999999999999
13626,241.32999999999998
14656,240.95000000000002
18035,240.92999999999998
12962,240.89000000000001
15286,240.55
15279,240.45
13565,240.22
14474,240.06
15143,239.55
16104,239.41
13955,239.31
12785,239.0
15115,238.81
15689,238.8
16739,238.75
15099,238.70000000000002
17403,238.17000000000002
15333,238.0
16526,237.66
13827,237.65
13147,237.60000000000002
13790,236.84
17025,236.45
14600,236.43
12604,236.18
16026,236.09
14647,236.04000000000002
16500,235.86
17824,235.84
13083,235.8
17498,235.74
13328,235.68
14633,235.4
17254,235.04
14528,234.83999999999997
13740,234.71
14997,234.32
16961,234.17
13573,233.96
13348,233.76
16583,233.45
16302,233.22
17531,233.1
18213,232.48000000000002
17134,232.35000000000002
13711,232.16000000000003
15393,231.86
13787,231.55
14784,231.32000000000002
17051,230.94
17914,230.68
15345,230.39000000000001
13960,230.22
12812,229.64000000000001
13008,229.46999999999997
15623,229.43
15545,229.37
14793,228.99
16778,228.94
13146,228.91
13070,228.8
17190,228.74
13512,228.51000000000002
17980,228.15
13976,227.96
16685,227.82
15634,227.65
16243,227.4
15035,227.29000000000002
12492,227.21
16793,226.84
17786,226.78
16619,226.21
17266,226.03
13642,226.03
15019,225.85999999999999
14624,225.85
13833,225.45
17223,225.09
16956,225.04
14549,224.98000000000002
14804,224.82
14304,224.4
17172,224.28
16471,223.95000000000002
16768,223.69
15598,223.68
17534,223.36
15637,223.36
16808,222.97
17120,222.96
17732,222.52
14173,222.34
12566,222.13
14598,221.97
13837,221.59
14881,221.2
13419,221.06
14491,220.98
12879,220.66
13079,220.10000000000002
15087,220.06
16527,219.81
14375,219.66
17456,219.62
18117,219.42
17630,219.39999999999998
14242,219.25
18190,219.16000000000003
16024,219.11
12355,219.0
13886,218.56
14847,218.4
15724,218.25
15308,218.25
17760,218.25
17908,218.2
12614,218.15
13806,218.13000000000002
14500,218.10000000000002
13085,217.68
14823,217.18
15457,217.17
16080,217.16
14687,217.01999999999998
16781,216.8
17457,216.49
15604,216.39
17436,216.29999999999998
15881,216.19
15675,216.16
16751,216.01999999999998
13142,215.92
17334,215.82
12386,215.7
17736,215.59
14357,215.17000000000002
15097,215.08
18185,214.25
16756,213.9
14958,213.88
14716,213.85
17153,213.78
16909,213.72
14241,213.70000000000002
16591,213.5
18276,213.46
17771,213.23
16948,212.9
15175,212.5
17805,211.83
16356,211.77
13570,211.64
15703,211.5
13271,211.49
15210,211.2
16278,211.03
17313,210.60000000000002
17081,210.51
13532,210.31
17045,210.24
16392,210.24
13621,209.85
15579,209.85
15577,209.53
17267,209.35
18193,208.91
16883,208.78
16402,208.6
15400,208.6
17951,208.38000000000002
16109,208.32
15922,208.10000000000002
16445,208.06
17176,208.03
16758,207.86
12561,207.05
15096,206.89000000000001
17572,206.85000000000002
17166,206.34
18135,206.25
16769,206.19
12797,206.13
17278,206.09
13529,206.06
17247,205.99
16660,205.97
13544,205.91
13272,205.66000000000003
15758,205.25
17371,205.15
15396,204.28
17206,204.24
16812,204.15
17891,203.85999999999999
16411,203.75
12660,203.7
13411,203.60000000000002
16313,203.57
14995,203.43
15850,202.97
14381,202.68
14953,202.59
13484,202.5
14586,202.44
14385,202.11
15621,202.01000000000002
17867,201.54000000000002
15690,201.48
15556,201.37
18108,201.2
12834,201.08
12915,201.05
17684,201.01
15699,201.0
12702,201.0
17742,200.86
17830,200.75
14532,200.4
13061,200.31
17658,200.22
17514,200.15
16430,200.05
16338,199.85
15593,199.8
13322,199.48000000000002
15825,199.44
12790,199.42000000000002
17171,199.41
17339,199.20000000000002
17855,199.02
14311,198.97
16753,198.92000000000002
18112,198.52
17619,198.47
13255,198.46
17550,198.41
13369,198.38000000000002
14162,198.11
16846,197.82
13466,197.70000000000002
13052,197.65
13349,197.32
13382,197.14000000000001
17929,196.20000000000002
18106,196.05
14508,196.0
16761,195.9
13932,195.8
13893,195.70000000000002
12402,195.6
13441,195.36
16117,195.31
14114,195.13
12558,195.08
17615,195.05
15181,194.99999999999997
17860,194.65
17475,194.37
16274,194.2
17912,194.18
16342,193.96
16596,193.85000000000002
17701,193.65
15198,193.64
17383,193.39000000000001
13503,192.95
15483,192.76
14768,192.60000000000002
14517,192.55
12953,192.45000000000002
17303,192.24
17608,191.99
15909,191.94
17789,191.65
14452,191.5
12489,191.43
15692,191.04
12515,190.8
13033,190.55
18126,190.33
15774,189.75
14416,189.5
14570,189.36
15355,189.3
16552,189.19000000000003
15320,189.03
14333,188.20000000000002
14960,188.12
12888,187.92000000000002
15234,187.88
15344,187.79000000000002
14779,187.55
16215,186.9
13973,186.75
12586,186.54000000000002
13672,186.39000000000001
14954,186.2
13986,186.06
18078,185.98
13737,185.65
18074,185.3
13474,185.24
15540,185.22
14087,185.17
17376,185.0
12750,184.98
13482,184.64
14513,183.75
15437,183.71
13460,183.44
14126,183.4
17111,183.39000000000001
14476,183.05
13792,183.05
15746,182.96
13858,182.67
12718,182.35
18009,182.29
16415,181.62
16829,181.32
16226,181.20000000000002
18110,180.9
14801,180.84
15612,180.15
14830,179.78
16177,179.35
13434,179.04000000000002
13778,178.7
16510,178.54999999999998
12732,178.26000000000002
17356,178.22
15639,178.02
18165,177.66
16179,177.58
16403,177.5
14264,177.17000000000002
13072,177.15
16276,177.0
14747,176.95000000000002
16847,176.94
12893,176.55
14819,176.07
14512,175.63
16836,175.55
18212,175.47
13489,175.44
15014,175.17000000000002
16895,175.12
16528,175.02
12361,174.9
15857,174.6
13972,174.35
16557,174.1
18278,173.9
17670,173.9
14798,173.74
14052,173.66
16160,173.09999999999997
14929,172.88
13859,172.76000000000002
17937,172.5
16634,172.5
16017,172.03
17010,171.96
17245,171.45
13560,171.42000000000002
15432,171.19
17843,170.88
17866,170.8
15154,170.08
16256,169.95000000000002
15139,169.84
12581,169.76
16509,169.50000000000003
14218,169.48000000000002
13568,169.20000000000002
14789,169.2
15925,168.9
17660,168.8
17343,168.74
18269,168.6
12430,168.6
13828,168.45
13428,168.38
13295,168.3
14924,168.05
12551,168.0
13587,168.0
14966,167.9
16887,167.58
16482,167.34
13189,167.28
15460,167.16
16716,166.8
17693,166.47
14295,166.20000000000002
17650,166.08
16427,166.06
15783,165.62
16105,165.6
12552,165.47
13470,165.0
17535,164.4
15776,164.13
16181,163.94
17723,163.9
18274,163.17
18005,163.02
15119,162.8
18101,162.7
15221,162.60000000000002
12574,162.55
16627,162.38
17793,162.37
12672,162.29999999999998
15262,161.95000000000002
15325,161.74
15335,161.72
16457,161.56
15866,161.49
14523,160.91
18099,160.35999999999999
18146,160.35000000000002
13669,160.2
14666,160.04999999999998
17889,159.92
17040,159.78
14765,159.76
16601,159.74
13592,159.51
13277,159.4
14287,159.35
18224,158.95000000000002
17125,158.78
14355,158.5
15348,158.04
17877,158.01
13845,157.86
15204,157.5
16448,157.49
16425,157.4
15454,157.2
15670,157.15
17580,157.12
17118,157.02
16690,156.43
14552,156.27
17574,155.8
17928,155.56
12441,155.55
16315,155.52
17966,155.43
14377,155.25
17526,155.20000000000002
17201,155.07999999999998
17698,154.95
15803,154.86
16517,154.75
17386,154.70000000000002
17879,154.67
15920,154.6
14722,154.57
13618,154.54
16897,154.23000000000002
13187,154.02
16351,153.9
15343,153.7
15528,153.43
17714,153.0
15683,152.95
16248,152.94
17301,152.84
15219,152.8
12522,152.72
13514,152.20000000000002
12547,151.79999999999998
12923,151.67
18169,151.65
15041,151.48
17680,151.4
13697,151.29999999999998
15921,151.06
14073,151.04
12573,150.59
18200,150.35
15717,150.3
17256,150.29999999999998
13723,150.10000000000002
13926,150.10000000000002
16178,150.1
14460,150.0
15944,149.9
16680,149.7
18262,149.48
14860,149.44
14055,149.14
17226,148.99
13786,148.8
13347,148.79999999999998
13284,148.74
17367,148.60999999999999
14585,148.55
17832,148.53
13606,148.43
14551,148.23
18147,147.83999999999997
12966,147.68
14098,147.35
14079,147.25
15007,146.96
16406,146.4
18014,146.32
16921,145.93
12565,145.92
13866,145.67000000000002
15937,145.35
17668,145.25
18045,145.09
16598,145.04999999999998
15319,145.0
17524,145.0
16620,144.96
17603,144.72
12795,144.63
15462,144.6
14485,144.35
14100,144.25
14109,144.2
12442,144.06
15790,143.43
15381,143.1
15458,142.92
17286,142.87
16380,142.79
15385,142.46
16647,142.42000000000002
13103,141.94
17542,141.55
14041,141.41
15388,140.54
13153,140.46
14932,140.43
17513,140.39999999999998
13483,140.34
18119,140.09
15185,139.92000000000002
16927,139.85
15361,139.8
14967,139.8
13043,139.7
17885,139.59
14494,139.56
15263,139.51
14037,139.25
18209,139.10000000000002
14968,139.09
15135,139.05
13898,138.93
14362,138.75
17415,138.44
13065,138.41
17122,138.32
12367,138.3
13716,138.28
16072,138.15
17898,138.14
18114,137.9
13279,137.75
17737,137.64000000000001
17561,137.5
15438,137.13
14483,137.1
15723,137.0
18280,137.0
17468,137.0
17947,136.68
17958,136.16
16412,135.99
14889,135.9
16114,135.75000000000003
14908,135.3
13462,135.0
13364,134.95999999999998
14340,134.7
15748,134.41
18142,134.4
15167,134.4
17935,134.39
16777,134.32
15793,133.92000000000002
16932,133.73000000000002
17881,133.35000000000002
13762,133.2
16835,133.15
16337,133.15
17344,132.62
14059,132.6
13513,132.6
13978,132.53
13262,132.29
18088,132.03
14438,131.9
12450,131.88
17984,131.68
17128,131.59
17871,131.42000000000002
17233,131.07
17856,131.0
15554,130.4
18013,129.81
16282,129.75
15447,129.67
13754,129.6
17978,129.5
16611,129.49
16623,129.45
13603,129.44
12602,129.22
14752,129.0
15226,128.91
12641,128.9
15405,128.84
15773,128.8
14301,128.7
13273,128.54
17388,128.48
17517,128.44
13937,128.25
15904,128.23
14204,128.16
16587,127.85000000000001
15052,127.83
14448,127.80000000000001
14082,127.05
15740,126.80000000000001
14772,126.50999999999999
15124,126.5
14354,126.17999999999999
15986,126.11999999999999
18203,126.07
12817,126.03999999999999
16893,126.03
12968,126.0
13522,125.80000000000001
14890,125.65
18240,125.58000000000001
16189,125.57999999999998
17080,125.39999999999999
16287,125.22000000000001
13739,125.10000000000001
15327,125.1
14349,125.0
17772,125.0
17148,124.88
12831,124.75
16096,124.62
14174,124.51
12509,124.5
12512,124.23
15663,124.1
14601,123.96000000000001
17987,123.92999999999999
14326,123.85000000000001
12622,123.85
14495,123.8
15565,123.66000000000001
16594,123.44
17785,123.44
16641,123.38
13229,123.15
17165,122.88
16330,122.66
15503,122.59
17384,122.2
15769,122.03999999999999
15408,121.98
16917,121.9
16281,121.5
12618,121.41
13182,121.18
17892,121.1
15512,121.0
17446,120.9
16433,120.66
15174,120.63
12871,120.53999999999999
13856,120.3
15101,120.13000000000001
18015,120.03
17854,120.01
14681,120.0
15158,119.76
17142,119.7
16542,119.62
15869,119.4
15463,119.3
15307,119.20000000000002
15578,119.15
16666,118.98
15269,118.80000000000001
17079,118.80000000000001
14155,118.75
17859,118.52000000000001
15543,117.91
16965,117.4
16959,117.35000000000001
16679,117.0
16997,117.0
15820,116.97999999999999
13980,116.78
16447,116.56
13029,116.5
16971,116.21
16966,116.05
14727,116.03
17030,115.95
17600,115.68
15350,115.65
15017,115.63
17140,115.42
18027,115.31
17817,114.43
17187,114.35
17852,114.34
14066,114.3
17640,114.3
16720,114.28
17234,114.04
12651,114.0
13598,113.94
16914,113.86
17718,113.85
13436,113.53999999999999
16828,113.5
16124,113.4
18282,113.13000000000001
17253,113.01
16861,112.80000000000001
15610,112.46000000000001
14518,112.44
15733,112.4
18004,112.37
15988,112.13
17455,111.8
15292,111.69
17409,111.55000000000001
14578,111.51
15247,111.19999999999999
14413,111.10000000000001
14089,111.05
16432,111.0
13002,110.99999999999999
14813,110.93
15853,110.8
14658,110.60000000000001
17666,110.58
16963,110.55000000000001
16989,110.54999999999998
14641,110.46
16097,110.4
12738,110.4
12734,110.39999999999999
18277,110.38
16113,110.15
14782,110.10000000000001
14453,109.98
15435,109.94
17306,109.92
17836,109.83
15852,109.71000000000001
12863,109.2
14699,109.13000000000001
17374,109.07000000000001
14345,108.97999999999999
15844,108.83999999999999
17396,108.75
17601,108.45
16106,108.38
16866,108.24000000000001
16784,107.6
12884,107.25
16773,106.89
12920,106.89
16757,106.83000000000001
14406,106.25
13094,106.2
17791,106.1
17219,105.98
16581,105.84
16998,105.4
14368,105.2
12851,104.91
14689,104.85
14027,104.82
15886,104.5
16593,104.47999999999999
14247,104.12
15107,104.10000000000001
14259,104.1
12587,104.0
18105,103.53
17548,103.3
18255,103.3
14542,103.25
14836,102.44999999999999
13826,102.30000000000001
14981,102.12
14885,102.0
18273,102.0
13170,101.97
16952,101.75999999999999
14076,101.72
16545,101.7
16516,101.69999999999999
16006,101.4
18086,101.34
14208,101.14
16344,101.10000000000001
14946,100.9
17427,100.8
16112,100.7
12897,100.50000000000001
14371,100.5
15016,100.24000000000001
12938,100.22
17988,99.92
18129,99.80000000000001
13188,99.60000000000001
15619,99.60000000000001
16715,99.39999999999999
17582,99.37
17939,99.14
13876,98.80000000000001
14248,98.58
15256,98.45
16079,98.34
15422,97.7
17217,97.6
12984,97.5
17900,97.19999999999999
13638,97.14
17325,96.8
14697,96.56
17972,96.54
17312,96.35000000000001
17578,96.3
14238,96.2
18048,95.97
17024,95.85
13161,95.75
16483,95.7
14581,95.67
15276,95.38
13108,95.3
17977,95.29
17957,95.28999999999999
14473,95.28
12531,95.27
13193,95.13
16190,94.99000000000001
13244,94.79
13710,94.56
16387,94.36
17899,94.34
14652,94.28
14582,94.21000000000001
15397,94.0
13283,93.66
12736,93.6
14386,93.6
14314,93.47999999999999
18042,93.35
16498,93.02
12403,92.9
18011,92.84
17538,92.66
14280,92.63999999999999
14054,92.46
14271,92.42
14855,91.85
17297,91.83
17904,91.62
13067,91.61
16658,91.44
13663,91.07
15935,91.04
13947,90.6
14353,90.6
15897,90.53
16506,90.30000000000001
12348,90.2
15552,90.12
13298,90.0
14117,90.0
13525,90.0
14984,89.57000000000001
14760,89.2
13003,89.05000000000001
15523,88.51
14853,88.5
17038,88.25
13712,88.2
15775,87.9
15958,87.85
12902,87.78
15607,87.76
16792,87.68
15280,87.62
13420,87.6
15180,87.5
15888,86.14
15537,86.02
13059,85.65
13226,85.51
15541,85.13000000000001
15729,85.0
16849,84.77
15419,84.74
17967,84.42
14861,83.37
14477,83.2
13299,82.80000000000001
17309,82.75
14039,82.6
16213,82.5
13260,82.32000000000001
13249,82.23
14165,82.19
17647,82.11
13962,82.1
17962,82.02
14964,81.75
16671,81.75
18249,81.66
13690,81.60000000000001
15347,81.60000000000001
13922,81.6
12939,81.36
17274,81.25999999999999
16789,80.8
13807,80.8
15843,80.70000000000002
17654,80.65
17895,80.36
14569,80.09
14974,79.99000000000001
13133,79.95
14632,79.94
14764,79.8
17946,79.78
12588,79.65
16078,79.2
16617,79.1
13519,78.95
15923,78.3
17155,78.2
12435,78.0
16055,78.0
15659,77.85
16752,77.7
15739,77.6
16050,77.48
14237,77.45
12445,77.4
15759,77.24000000000001
12974,77.15
13992,76.8
16461,76.67
14436,76.56
12464,76.5
13106,76.5
16569,76.5
17110,76.1
14536,76.0
13160,75.89999999999999
17628,75.75
13584,75.75
12821,75.72
16610,75.66
13751,75.6
16363,75.36
18120,75.35
15428,75.06
16405,74.85
17746,74.8
12956,74.67
15395,74.55000000000001
18050,74.4
17960,73.78
14196,73.72
18032,73.5
14219,73.44
17117,73.35
16171,73.2
16182,72.8
13678,72.56
16519,72.28
13686,72.0
18033,71.82
13938,71.66
18008,71.53
13185,71.4
17747,71.4
12643,71.28
12686,71.14
17022,71.0
16852,70.96000000000001
12929,70.95
16424,70.56
17194,70.28
15063,70.19999999999999
13948,70.19999999999999
13699,70.08000000000001
14104,69.71
15709,69.65
12881,69.0
14457,68.64
13781,68.54
15445,68.1
14393,67.95
17556,67.95
16988,67.87
17991,67.85
18138,67.80000000000001
13666,67.65
18024,67.63
12548,67.19999999999999
13600,66.52
13508,66.42
12454,66.4
17893,66.31
14806,66.0
13062,65.69999999999999
13101,65.5
13684,65.13
14143,64.8
16027,64.75
17849,64.60000000000001
13130,64.0
17969,63.45
17263,63.440000000000005
13651,63.3
14111,63.3
14437,63.0
14840,62.85
15083,62.699999999999996
13223,62.4
17781,62.17
15212,62.0
14147,61.8
12754,61.62
18010,61.6
13194,60.7
15917,60.550000000000004
13095,60.48
13809,60.300000000000004
13132,60.3
17639,60.2
15045,60.06
12504,60.0
17174,59.9
15567,59.7
15569,59.160000000000004
15168,58.86
17643,58.8
12837,58.75
14957,58.49
17709,58.25
13080,58.08
12506,57.6
13946,57.33
13581,56.95
13218,56.76
17354,56.690000000000005
17775,56.4
16247,56.28
17359,56.15
17906,55.95
17955,55.599999999999994
12845,54.79
15516,53.93
18018,53.589999999999996
13551,53.550000000000004
14972,53.47
16913,53.44
13296,53.4
15504,52.83
13832,52.199999999999996
13217,52.02
15313,52.0
15160,51.96
17844,51.559999999999995
14351,51.0
12756,50.879999999999995
16697,50.85
13011,50.550000000000004
17382,50.400000000000006
17707,50.400000000000006
17060,50.400000000000006
16163,50.1
16582,50.099999999999994
15836,49.97
15412,49.79
14821,48.800000000000004
12931,48.160000000000004
15653,48.0
18064,48.0
15266,47.7
17620,47.44
13144,47.2
17887,47.05
18281,46.92
14714,46.9
15042,46.68
12659,45.6
14080,45.599999999999994
14693,45.4
12665,45.0
17181,44.6
14046,44.309999999999995
16597,44.24
15899,43.5
14300,43.2
14865,43.08
15863,42.44
17901,41.78
14053,41.75
14661,41.05
15178,40.5
15257,40.2
15049,40.050000000000004
14463,39.599999999999994
14785,39.480000000000004
16665,39.25
13561,39.01
16832,39.0
14975,38.65
17394,38.4
12855,38.1
18191,37.4
17816,36.56
16565,35.7
13967,35.7
18030,35.45
16856,35.400000000000006
14576,35.400000000000006
17831,35.400000000000006
17349,35.05
17268,35.0
15973,34.4
13682,34.0
16926,33.45
18037,33.17
15216,33.0
12401,32.85
14799,32.720000000000006
17133,32.400000000000006
16414,31.6
13645,30.599999999999998
13120,30.599999999999998
16339,30.45
13403,30.0
18227,30.0
15657,30.0
15330,29.759999999999998
14148,29.700000000000003
18246,29.5
12353,29.300000000000004
12829,28.5
18019,28.5
17414,28.0
15992,27.04
17279,25.43
15374,25.200000000000003
17995,23.6
17440,22.62
15895,21.85
13685,20.92
17986,20.8
16986,20.8
16953,20.8
17205,20.5
15030,20.4
14423,20.4
12497,20.4
16659,20.4
17026,20.4
14642,19.8
15661,19.8
15705,19.5
13877,17.4
16093,17.0
17549,16.439999999999998
13307,15.0
17763,15.0
13689,15.0
13493,14.850000000000001
14962,14.850000000000001
15945,13.6
16878,13.3
14185,12.75
16349,12.65
16162,11.9
14816,11.9
13006,11.52
12977,10.74
13216,10.5
14199,10.2
12864,10.2
14520,10.2
14373,10.2
14616,10.08
14828,10.08
15526,9.14
12755,7.6
15423,7.5
18058,6.959999999999999
15744,6.959999999999999
14792,6.2
16454,5.9
17857,5.5
16429,4.95
14795,4.25
17212,3.95
16738,3.75
17788,3.25
14101,2.95
16446,2.9
17942,1.9
